datetime,open,high,low,close,volume
2024-04-26T00:00:00+00:00,17644.300000000003,17786.960000000003,17553.83,17722,923484
2024-04-28T00:00:00+00:00,17722,17780.52,17722,17777.640000000003,14911
2024-04-29T00:00:00+00:00,17777.640000000003,17840.18,17682.18,17801.760000000002,825427
2024-04-30T00:00:00+00:00,17801.760000000002,17812.88,17354.36,17405.65,804535
2024-05-01T00:00:00+00:00,17405.65,17690.190000000002,17297.550000000003,17430.050000000003,1153242
2024-05-02T00:00:00+00:00,17430.050000000003,17707.730000000003,17287.82,17654.730000000003,926996
2024-05-03T00:00:00+00:00,17654.730000000003,17945.300000000003,17620.230000000003,17925.050000000003,830367
2024-05-05T00:00:00+00:00,17925.050000000003,17969.08,17906.33,17910.210000000003,13940
2024-05-06T00:00:00+00:00,17910.210000000003,18106.960000000003,17889.460000000003,18089.530000000002,471491
2024-05-07T00:00:00+00:00,18089.530000000002,18171.56,18056.530000000002,18112.61,567360
2024-05-08T00:00:00+00:00,18112.61,18150.63,17980.61,18070.63,515179
2024-05-09T00:00:00+00:00,18070.63,18152.890000000003,18013.25,18141.140000000003,563283
2024-05-10T00:00:00+00:00,18141.140000000003,18257.29,18098.04,18151.890000000003,535720
2024-05-12T00:00:00+00:00,18151.890000000003,18171.710000000003,18145.83,18162.460000000003,10408
2024-05-13T00:00:00+00:00,18162.460000000003,18253.36,18152.11,18202.09,487396
2024-05-14T00:00:00+00:00,18202.09,18351.36,18084.41,18334.640000000003,511348
2024-05-15T00:00:00+00:00,18334.640000000003,18642.460000000003,18310.390000000003,18636.210000000003,623883
2024-05-16T00:00:00+00:00,18636.210000000003,18676.11,18548.59,18569.15,699021
2024-05-17T00:00:00+00:00,18569.15,18604.52,18463.300000000003,18550.850000000002,560565
2024-05-19T00:00:00+00:00,18550.850000000002,18597.170000000002,18550.850000000002,18593.29,8678
2024-05-20T00:00:00+00:00,18593.29,18720.940000000002,18561.57,18679.93,468640
2024-05-21T00:00:00+00:00,18679.93,18746.030000000002,18606.710000000003,18744.15,469840
2024-05-22T00:00:00+00:00,18744.15,18820.65,18615.43,18807.760000000002,629176
2024-05-23T00:00:00+00:00,18807.760000000002,18955.13,18585.33,18666.32,883146.1433472859
2024-05-24T00:00:00+00:00,18666.32,18892.47,18648.57,18808.09,635347
2024-05-26T00:00:00+00:00,18808.09,18829.72,18779.34,18779.84,11104
2024-05-27T00:00:00+00:00,18779.84,18899.370000000003,18777.22,18826.59,136387.56740266047
2024-05-28T00:00:00+00:00,18826.59,18898.97,18738.62,18851.06,713377
2024-05-29T00:00:00+00:00,18851.06,18855.68,18629.33,18647.58,753718
2024-05-30T00:00:00+00:00,18647.58,18710.95,18471.15,18485.12,745110
2024-05-31T00:00:00+00:00,18485.12,18594.25,18168.15,18540.99,990907
2024-06-02T00:00:00+00:00,18540.99,18559.11,18499.74,18552.74,23874
2024-06-03T00:00:00+00:00,18552.74,18716.260000000002,18397.010000000002,18612.08,906750
2024-06-04T00:00:00+00:00,18612.08,18715.100000000002,18473.08,18702.33,863740
2024-06-05T00:00:00+00:00,18702.33,19074.010000000002,18667.33,19057.13,642281
2024-06-06T00:00:00+00:00,19057.13,19089.13,18984.16,19040.9,707815
2024-06-07T00:00:00+00:00,19040.9,19121.050000000003,18905.52,18985.850000000002,885133
2024-06-09T00:00:00+00:00,18985.850000000002,19032.31,18982.06,18999.940000000002,17959
2024-06-10T00:00:00+00:00,18999.940000000002,19102.960000000003,18947.06,19060.5,701725
2024-06-11T00:00:00+00:00,19060.5,19247.460000000003,18970.77,19234.34,742329
2024-06-12T00:00:00+00:00,19234.34,19590.210000000003,19216.09,19577.5,976612
2024-06-13T00:00:00+00:00,19577.5,19662.25,19477.9,19595,750136
2024-06-14T00:00:00+00:00,19595,19675.63,19477.88,19669.58,845363
2024-06-16T00:00:00+00:00,19669.58,19710.15,19655.4,19696.4,14570
2024-06-17T00:00:00+00:00,19696.4,19986.18,19625.93,19920.420000000002,732293
2024-06-18T00:00:00+00:00,19920.420000000002,19980.870000000003,19839.82,19936.140000000003,685116
2024-06-19T00:00:00+00:00,19936.140000000003,19975.05,19921.510000000002,19971.100000000002,113565.72478134892
2024-06-20T00:00:00+00:00,19971.100000000002,20106.73,19705.75,19856.030000000002,927226
2024-06-21T00:00:00+00:00,19856.030000000002,19871.91,19701.06,19777.59,786406
2024-06-23T00:00:00+00:00,19777.59,19804.7,19777.59,19783.2,11343
2024-06-24T00:00:00+00:00,19783.2,19804.57,19503.07,19552.370000000003,860880
2024-06-25T00:00:00+00:00,19552.370000000003,19768.06,19506.750000000004,19746.680000000004,702765
2024-06-26T00:00:00+00:00,19746.680000000004,19850.930000000004,19681.56,19701.690000000002,800850
2024-06-27T00:00:00+00:00,19701.690000000002,19899.97,19657.440000000002,19880.670000000002,757098
2024-06-28T00:00:00+00:00,19880.670000000002,20058.820000000003,19692.2,19758.370000000003,959567
2024-06-30T00:00:00+00:00,19758.370000000003,19779.04,19729.04,19740.41,20488
2024-07-01T00:00:00+00:00,19740.41,19869.190000000002,19606.690000000002,19815.120000000003,1086184
2024-07-02T00:00:00+00:00,19815.120000000003,20055.65,19705.75,20032.420000000002,853015
2024-07-03T00:00:00+00:00,20032.420000000002,20230.45,20000.050000000003,20154.499999999993,642566.6641716686
2024-07-04T00:00:00+00:00,20154.499999999993,20175.29,20122.519999999993,20164.190000000002,118082.21570798721
2024-07-05T00:00:00+00:00,20164.190000000002,20413.710000000003,20151.510000000002,20400.45,801853
2024-07-07T00:00:00+00:00,20400.45,20421.61,20385.43,20394.230000000003,13146
2024-07-08T00:00:00+00:00,20394.230000000003,20545.43,20383.11,20543.800000000003,651571
2024-07-09T00:00:00+00:00,20543.800000000003,20577.7,20421.95,20505.95,713039
2024-07-10T00:00:00+00:00,20505.95,20725.600000000002,20504.7,20689.77,666329
2024-07-11T00:00:00+00:00,20689.77,20792.80000000001,20187.07000000001,20230.810000000012,1111501.2179170563
2024-07-12T00:00:00+00:00,20230.810000000012,20557.330000000013,20151.43000000001,20356.280000000002,939119
2024-07-14T00:00:00+00:00,20356.280000000002,20413.83,20332.45,20384.33,24587
2024-07-15T00:00:00+00:00,20384.33,20621.100000000002,20330.850000000002,20458.63,953890
2024-07-16T00:00:00+00:00,20458.63,20510.9,20291.780000000002,20394.730000000003,913651
2024-07-17T00:00:00+00:00,20394.730000000003,20408.480000000003,19795.480000000003,19896.350000000002,1260748
2024-07-18T00:00:00+00:00,19896.350000000002,20000.480000000003,19597.25,19787.77,1603735
2024-07-19T00:00:00+00:00,19787.77,19821.640000000003,19496.920000000002,19545.47,1362723
2024-07-21T00:00:00+00:00,19545.47,19693.83,19545.47,19669.88,35092
2024-07-22T00:00:00+00:00,19669.88,19897.66,19571.63,19807.66,1148826
2024-07-23T00:00:00+00:00,19807.66,19937.81,19642.690000000002,19648.940000000002,960580
2024-07-24T00:00:00+00:00,19648.940000000002,19694.32,19026.140000000003,19137.04,1115031
2024-07-25T00:00:00+00:00,19137.04,19256.81,18749.61,18893.97,1909199
2024-07-26T00:00:00+00:00,18893.97,19168.620000000003,18889.350000000002,19049.670000000002,1384214
2024-07-28T00:00:00+00:00,19049.670000000002,19129.800000000003,19043.870000000003,19118.300000000003,29143
2024-07-29T00:00:00+00:00,19118.300000000003,19253.95,18990.32,19012.030000000002,1181641
2024-07-30T00:00:00+00:00,19012.030000000002,19198.43,18604.480000000003,18944.29,1404051
2024-07-31T00:00:00+00:00,18944.29,19566.690000000002,18898.79,19555.06,1421224
2024-08-01T00:00:00+00:00,19555.06,19597.56,18729.61,18801.24,1973151
2024-08-02T00:00:00+00:00,18801.24,18821.49,18273.510000000002,18420.940000000002,2050579
2024-08-04T00:00:00+00:00,18420.940000000002,18420.940000000002,18112.7,18163.2,26793
2024-08-05T00:00:00+00:00,18163.2,18193.15,17251.2,18192.600000000002,1660139
2024-08-06T00:00:00+00:00,18192.600000000002,18389.300000000003,17873.050000000003,17962.43,1685853
2024-08-07T00:00:00+00:00,17962.43,18464.88,17653.99,17754.99,1805165
2024-08-08T00:00:00+00:00,17754.99,18524.75,17735.49,18508.5,1473925
2024-08-09T00:00:00+00:00,18508.5,18582.95,18291.550000000003,18509.38,1339784
2024-08-11T00:00:00+00:00,18509.38,18570.58,18425.780000000002,18539.280000000002,22397
2024-08-12T00:00:00+00:00,18539.280000000002,18677.480000000003,18436.61,18569.480000000003,1022236
2024-08-13T00:00:00+00:00,18569.480000000003,19038.2,18551.66,19031.2,852944
2024-08-14T00:00:00+00:00,19031.2,19118.600000000002,18840.730000000003,19019.91,1046073
2024-08-15T00:00:00+00:00,19019.91,19549.440000000002,19017.79,19522.82,831104
2024-08-16T00:00:00+00:00,19522.82,19592.07,19357.07,19522.140000000003,843940.2899863353
2024-08-18T00:00:00+00:00,19522.140000000003,19591.690000000002,19522.140000000003,19566.56,20164
2024-08-19T00:00:00+00:00,19566.56,19799.670000000002,19443.940000000002,19780.670000000002,692425
2024-08-20T00:00:00+00:00,19780.670000000002,19850.800000000003,19663.57,19713.300000000003,797847
2024-08-21T00:00:00+00:00,19713.300000000003,19905.2,19694.95,19861.81,857899
2024-08-22T00:00:00+00:00,19861.81,19950.960000000003,19467.960000000003,19567.45,1105308
2024-08-23T00:00:00+00:00,19567.45,19832.350000000002,19521.350000000002,19709.9,1085193
2024-08-25T00:00:00+00:00,19709.9,19766.870000000003,19652.82,19699.370000000003,24277
2024-08-26T00:00:00+00:00,19699.370000000003,19782.620000000003,19443.15,19511.11,1017623
2024-08-27T00:00:00+00:00,19511.11,19634.760000000002,19382.18,19529.920000000002,937127
2024-08-28T00:00:00+00:00,19529.920000000002,19633.050000000003,19087.460000000003,19139.260000000002,1111120
2024-08-29T00:00:00+00:00,19139.260000000002,19638.54,19138.390000000003,19379.460000000003,1415530
2024-08-30T00:00:00+00:00,19379.460000000003,19582.74,19320.11,19549.16,1079963
2024-09-01T00:00:00+00:00,19549.16,19581.210000000003,19524.710000000003,19541.34,12967
2024-09-02T00:00:00+00:00,19541.34,19631.590000000004,19466.710000000003,19529.340000000004,210957.91439243715
2024-09-03T00:00:00+00:00,19529.340000000004,19593.090000000004,18860.490000000005,18909.830000000005,1241219
2024-09-04T00:00:00+00:00,18909.830000000005,19067.600000000002,18778.330000000005,18886.310000000005,1298772
2024-09-05T00:00:00+00:00,18886.310000000005,19105.210000000003,18782.760000000002,18869.050000000003,1212662
2024-09-06T00:00:00+00:00,18869.050000000003,18929.600000000002,18324.29,18329.24,1526189
2024-09-08T00:00:00+00:00,18329.24,18435.920000000002,18329.24,18421.120000000003,31600
2024-09-09T00:00:00+00:00,18421.120000000003,18717.32,18415.800000000003,18689.32,1082829
2024-09-10T00:00:00+00:00,18689.32,18854.850000000002,18558.82,18815.91,1107757
2024-09-11T00:00:00+00:00,18815.91,19272.56,18526.56,19225.27,1491609
2024-09-12T00:00:00+00:00,19225.27,19464.670000000002,19167.04,19433.940000000002,1316891
2024-09-13T00:00:00+00:00,19433.940000000002,19558.72,19379.97,19498.390000000003,963336
2024-09-15T00:00:00+00:00,19498.390000000003,19535.370000000003,19467.99,19527.870000000003,20157
2024-09-16T00:00:00+00:00,19527.870000000003,19532.870000000003,19288.77,19432.980000000003,905941
2024-09-17T00:00:00+00:00,19432.980000000003,19607.25,19332.88,19462.870000000003,1187448
2024-09-18T00:00:00+00:00,19462.870000000003,19656.02,19325.32,19525.420000000002,738720
2024-09-19T00:00:00+00:00,19525.420000000002,19961.57,19439.670000000002,19848.700000000004,910573.0244472686
2024-09-20T00:00:00+00:00,19848.700000000004,19884.100000000002,19659.980000000003,19812.800000000003,886353
2024-09-22T00:00:00+00:00,19812.800000000003,19875.300000000003,19805.43,19871.300000000003,11853
2024-09-23T00:00:00+00:00,19871.300000000003,19972.43,19764.550000000003,19879.75,794751
2024-09-24T00:00:00+00:00,19879.75,20026.4,19764.530000000002,19993.45,812518
2024-09-25T00:00:00+00:00,19993.45,20100.100000000002,19877.57,20093.350000000002,756871
2024-09-26T00:00:00+00:00,20093.350000000002,20353.600000000002,20004.370000000003,20160.34,921728
2024-09-27T00:00:00+00:00,20160.34,20212.09,19990.36,20016.29,846724
2024-09-29T00:00:00+00:00,20016.29,20106.960000000003,19983.91,20098.59,15266
2024-09-30T00:00:00+00:00,20098.59,20112.36,19881.66,20072.230000000003,868219
2024-10-01T00:00:00+00:00,20072.230000000003,20156.11,19643.13,19759.09,1223438
2024-10-02T00:00:00+00:00,19759.09,19916.79,19660.920000000002,19884.550000000003,928752
2024-10-03T00:00:00+00:00,19884.550000000003,19943.2,19681.050000000003,19814.68,1076802
2024-10-04T00:00:00+00:00,19814.68,20095.18,19780.050000000003,20033.75,1000866
2024-10-06T00:00:00+00:00,20033.75,20100.24,20033.75,20066.54,19646
2024-10-07T00:00:00+00:00,20066.54,20099.29,19740.86,19822.54,1022174
2024-10-08T00:00:00+00:00,19822.54,20168.81,19781.91,20112.66,870317
2024-10-09T00:00:00+00:00,20112.66,20321.81,20034.91,20290.230000000003,812625
2024-10-10T00:00:00+00:00,20290.230000000003,20348.38,20141.88,20294.29,869558
2024-10-11T00:00:00+00:00,20294.29,20337.06,20157.440000000002,20262.24,676692
2024-10-13T00:00:00+00:00,20262.24,20301.170000000002,20258.170000000002,20277.29,13565
2024-10-14T00:00:00+00:00,20277.29,20530.690000000002,20234.04,20483.510000000002,545461
2024-10-15T00:00:00+00:00,20483.510000000002,20511.54,20106.04,20209.08,991992
2024-10-16T00:00:00+00:00,20209.08,20254.960000000003,20063.980000000003,20173.100000000002,767082
2024-10-17T00:00:00+00:00,20173.100000000002,20453.47,20136.47,20267.25,921229
2024-10-18T00:00:00+00:00,20267.25,20392.030000000002,20183.13,20354.7,633306
2024-10-20T00:00:00+00:00,20354.7,20395.16,20354.7,20383.29,11779
2024-10-21T00:00:00+00:00,20383.29,20424.06,20213.54,20387.050000000003,689962
2024-10-22T00:00:00+00:00,20387.050000000003,20473.58,20231.68,20404.690000000002,702835
2024-10-23T00:00:00+00:00,20404.690000000002,20416.690000000002,19953.710000000003,20169.370000000003,899031
2024-10-24T00:00:00+00:00,20169.370000000003,20306.24,20141.640000000003,20262.65,756313
2024-10-25T00:00:00+00:00,20262.65,20588.920000000002,20246.15,20357.22,772721
2024-10-27T00:00:00+00:00,20357.22,20510.480000000003,20357.22,20486.480000000003,18806
2024-10-28T00:00:00+00:00,20486.480000000003,20565.100000000002,20375.13,20399.27,787854
2024-10-29T00:00:00+00:00,20399.27,20655.100000000002,20323.920000000002,20641.230000000003,780611
2024-10-30T00:00:00+00:00,20641.230000000003,20681.230000000003,20319.86,20322.74,905317
2024-10-31T00:00:00+00:00,20322.74,20360.11,19905.24,19975.02,1178339
2024-11-01T00:00:00+00:00,19975.02,20188.920000000002,19919.02,20072.34,1022798
2024-11-03T00:00:00+00:00,20072.34,20072.34,19979.09,20042.640000000003,18519
2024-11-04T00:00:00+00:00,20042.640000000003,20156.640000000003,19921.670000000002,19998.33,914013
2024-11-05T00:00:00+00:00,19998.33,20295.95,19952.7,20254.850000000002,776148
2024-11-06T00:00:00+00:00,20254.850000000002,20847.230000000003,20235.550000000003,20802.18,1084540
2024-11-07T00:00:00+00:00,20802.18,21164.83,20772.93,21135.68,807992
2024-11-08T00:00:00+00:00,21135.68,21173.83,21030.56,21138.38,675449
2024-11-10T00:00:00+00:00,21138.38,21227.980000000003,21138.38,21220.850000000002,9292
2024-11-11T00:00:00+00:00,21220.850000000002,21256.850000000002,21015.25,21135.36,698987
2024-11-12T00:00:00+00:00,21135.36,21171.140000000003,20974.640000000003,21083.140000000003,849290
2024-11-13T00:00:00+00:00,21083.140000000003,21190.79,20979.210000000003,21090.780000000002,898178
2024-11-14T00:00:00+00:00,21090.780000000002,21115.16,20861.93,20874.550000000003,983575
2024-11-15T00:00:00+00:00,20874.550000000003,20881.18,20330.45,20419,1015877
2024-11-17T00:00:00+00:00,20419,20501.16,20409.280000000002,20500.780000000002,13398
2024-11-18T00:00:00+00:00,20500.780000000002,20657.31,20414.66,20557.420000000002,801707
2024-11-19T00:00:00+00:00,20557.420000000002,20727.45,20317.170000000002,20720.66000000001,1038789.6072867254
2024-11-20T00:00:00+00:00,20720.66000000001,20793.060000000005,20427.710000000006,20701.200000000004,956328.0105846948
2024-11-21T00:00:00+00:00,20701.200000000004,20854.970000000005,20463.350000000006,20725.550000000007,1409882
2024-11-22T00:00:00+00:00,20725.550000000007,20831.820000000007,20644.800000000007,20811.420000000002,1135051
2024-11-24T00:00:00+00:00,20811.420000000002,20899.52,20811.420000000002,20881.390000000003,6635
2024-11-25T00:00:00+00:00,20881.390000000003,21026.920000000002,20726.29,20782.79,1003588
2024-11-26T00:00:00+00:00,20782.79,20973.06,20703.29,20934.56,880065
2024-11-27T00:00:00+00:00,20934.56,20967.31,20624.33,20775.97,773639
2024-11-28T00:00:00+00:00,20775.97,20862.120000000003,20775.59,20818.15,123740.7046275166
2024-11-29T00:00:00+00:00,20818.15,20948.050000000003,20736.550000000003,20906.25,457926.5231786897
2024-12-01T00:00:00+00:00,20946.11,20964.43,20914.050000000003,20926.050000000003,13494
2024-12-02T00:00:00+00:00,20926.050000000003,21221.2,20901.300000000003,21176.93,716136
2024-12-03T00:00:00+00:00,21176.93,21301.2,21097.58,21298.45,628699
2024-12-04T00:00:00+00:00,21298.45,21513.850000000002,21281.32,21477.670000000002,625084
2024-12-05T00:00:00+00:00,21477.670000000002,21534.57,21390.09,21421.09,626449
2024-12-06T00:00:00+00:00,21421.09,21634.74,21408.22,21596.54,632638
2024-12-08T00:00:00+00:00,21596.54,21642.170000000002,21596.54,21629.420000000002,9243
2024-12-09T00:00:00+00:00,21629.420000000002,21678.04,21408.49,21439.980000000003,677385
2024-12-10T00:00:00+00:00,21439.980000000003,21581.63,21327.88,21405.54,687038
2024-12-11T00:00:00+00:00,21405.54,21797.32,21382.79,21737.65,656624
2024-12-12T00:00:00+00:00,21737.65,21751.780000000002,21583.780000000002,21725.63,667511
2024-12-13T00:00:00+00:00,21725.63,21888.91,21647.83,21742.33,798371
2024-12-15T00:00:00+00:00,21742.33,21788.18,21742.33,21777.050000000003,10594
2024-12-16T00:00:00+00:00,21777.050000000003,22140.58,21770.93,22089.79,777978
2024-12-17T00:00:00+00:00,22089.79,22115.04,21894.29,21964.54,1017300
2024-12-18T00:00:00+00:00,21964.54,22076.66,21014.760000000002,21184.47,1038464.0584418278
2024-12-19T00:00:00+00:00,21184.47,21409.250000000004,21061.170000000002,21115.510000000002,1005062
2024-12-20T00:00:00+00:00,21115.510000000002,21553.660000000003,20748.260000000002,21290.81,1609532
2024-12-22T00:00:00+00:00,21290.81,21451.890000000003,21290.81,21426.140000000003,13838
2024-12-23T00:00:00+00:00,21426.140000000003,21546.79,21247.04,21515.59,1087871
2024-12-24T00:00:00+00:00,21515.59,21828.670000000002,21487.890000000003,21825.54,489428
2024-12-26T00:00:00+00:00,21869.73,21951.46000000001,21724.73000000001,21869.330000000013,1074597.3354475575
2024-12-27T00:00:00+00:00,21869.330000000013,21871.71000000001,21363.36000000001,21504.72,1155385
2024-12-29T00:00:00+00:00,21504.72,21546.34,21475.390000000003,21506.34,10282
2024-12-30T00:00:00+00:00,21506.34,21526.27,21058.420000000002,21206.480000000003,1064072
2024-12-31T00:00:00+00:00,21206.480000000003,21339.850000000002,20997.5,21059.95000000003,1023338.9080737615
2025-01-02T00:00:00+00:00,21100.33,21388.31000000003,20881.96000000003,21070.31000000003,1825551.4808844705
2025-01-03T00:00:00+00:00,21070.31000000003,21466.21000000003,21060.38000000003,21327.050000000003,855363
2025-01-05T00:00:00+00:00,21327.050000000003,21384.980000000003,21327.050000000003,21366.850000000002,10615
2025-01-06T00:00:00+00:00,21366.850000000002,21738.88,21320.800000000003,21612.870000000003,1127999
2025-01-07T00:00:00+00:00,21612.870000000003,21648.27,21122.02,21238.850000000002,1490351
2025-01-08T00:00:00+00:00,21238.850000000002,21294.22,21012.870000000003,21164.24,1535416
2025-01-09T00:00:00+00:00,21164.24,21195.86,21035.11,21061.16,269307.0400922675
2025-01-10T00:00:00+00:00,21061.16,21195.16,20700.36,20845.43,1471904
2025-01-12T00:00:00+00:00,20845.43,20888.24,20803.56,20859.86,14634
2025-01-13T00:00:00+00:00,20859.86,20952.08,20554.99,20909.460000000003,1471795
2025-01-14T00:00:00+00:00,20909.460000000003,21007.33,20637.980000000003,20814.390000000003,1486610
2025-01-15T00:00:00+00:00,20814.390000000003,21319.54,20775.390000000003,21280.5,1057242
2025-01-16T00:00:00+00:00,21280.5,21431.63,21037.5,21103.61,1405796
2025-01-17T00:00:00+00:00,21103.61,21546.68,21095.730000000003,21457.93,1085782
2025-01-19T00:00:00+00:00,21457.93,21491.77,21401.09,21419.140000000003,17174
2025-01-20T00:00:00+00:00,21419.140000000003,21653.04,21409.77,21608.640000000003,449373.13399350265
2025-01-21T00:00:00+00:00,21608.640000000003,21698.38,21253.210000000003,21688.13,1152020
2025-01-22T00:00:00+00:00,21688.13,21971.65,21682.63,21843.530000000002,845106
2025-01-23T00:00:00+00:00,21843.530000000002,21929.030000000002,21734.15,21891.100000000002,798768
2025-01-24T00:00:00+00:00,21891.100000000002,21959,21725.13,21781.43,865929
2025-01-26T00:00:00+00:00,21781.43,21781.43,21522.230000000003,21555.36,35771
2025-01-27T00:00:00+00:00,21555.36,21562.36,20653.61,21223.640000000003,2326740
2025-01-28T00:00:00+00:00,21223.640000000003,21522.29,21056.460000000003,21442.390000000003,1340660
2025-01-29T00:00:00+00:00,21442.390000000003,21593.890000000003,21264.460000000003,21437.780000000002,1451307
2025-01-30T00:00:00+00:00,21437.780000000002,21648.56,21319.56,21599.99,1432834
2025-01-31T00:00:00+00:00,21599.99,21867.640000000003,21435.620000000003,21462.57,1429420
2025-02-02T00:00:00+00:00,21462.57,21462.57,20851.440000000002,21022.24,48077
2025-02-03T00:00:00+00:00,21022.24,21510.760000000002,20883.620000000003,21482.63,1678844
2025-02-04T00:00:00+00:00,21482.63,21605.41,21153.83,21478.77,967871
2025-02-05T00:00:00+00:00,21478.77,21707.52,21342.52,21686.99,928792
2025-02-06T00:00:00+00:00,21686.99,21796.510000000002,21620.74,21768.550000000003,812636
2025-02-07T00:00:00+00:00,21768.550000000003,21883.08,21468.5,21500.25,1296281
2025-02-09T00:00:00+00:00,21500.25,21577.79,21340.11,21567.04,22404
2025-02-10T00:00:00+00:00,21567.04,21815.440000000002,21563.79,21717.75,660217
2025-02-11T00:00:00+00:00,21717.75,21793.780000000002,21592,21735.79,718572
2025-02-12T00:00:00+00:00,21735.79,21825.640000000003,21435.79,21815.640000000003,978674
2025-02-13T00:00:00+00:00,21815.640000000003,22051.420000000002,21680.77,22010.230000000003,968683
2025-02-14T00:00:00+00:00,22010.230000000003,22149.75,21968.350000000002,22127.550000000003,653984
2025-02-16T00:00:00+00:00,22127.550000000003,22168.83,22127.550000000003,22145.010000000002,13044
2025-02-17T00:00:00+00:00,22145.010000000002,22214.88,22126.530000000002,22156.14,174738.60374930847
2025-02-18T00:00:00+00:00,22156.14,22255.39,22039.420000000002,22188.32,754877
2025-02-19T00:00:00+00:00,22188.32,22237.97,22056.600000000002,22154.16,728587
2025-02-20T00:00:00+00:00,22154.16,22166.04,21888.19,22100.73,908039
2025-02-21T00:00:00+00:00,22100.73,22184.48,21602.38,21606.31,1142668
2025-02-23T00:00:00+00:00,21606.31,21721.58,21606.31,21705.08,20241
2025-02-24T00:00:00+00:00,21705.08,21759.83,21317.33,21335.83,1324603
2025-02-25T00:00:00+00:00,21335.83,21402.45,20941.600000000002,21179.4,1726976
2025-02-26T00:00:00+00:00,21179.4,21363.43,21018.800000000003,21169.25,1388839
2025-02-27T00:00:00+00:00,21169.25,21343.13,20539.63,20630.870000000003,1915158
2025-02-28T00:00:00+00:00,20630.870000000003,20902.02,20418.27,20854.7,1901366
2025-03-02T00:00:00+00:00,20854.7,20999.68,20854.7,20932.050000000003,28006
2025-03-03T00:00:00+00:00,20932.050000000003,21085.45,20281.25,20482.77,2303027
2025-03-04T00:00:00+00:00,20482.77,20700.79,20043.59,20547.06,2663032
2025-03-05T00:00:00+00:00,20547.06,20694.59,20184.84,20576.07,2227928
2025-03-06T00:00:00+00:00,20576.07,20618.120000000003,19974.27,20158.510000000002,2355885
2025-03-07T00:00:00+00:00,20158.510000000002,20258.41,19737.91,20170.960000000003,2262357
2025-03-09T00:00:00+00:00,20170.960000000003,20170.960000000003,19910.25,20011.18,45901
2025-03-10T00:00:00+00:00,20011.18,20132.93,19210.22,19284.22,2161648
2025-03-11T00:00:00+00:00,19284.22,19667.550000000003,19120.47,19460.82,2017711
2025-03-12T00:00:00+00:00,19460.82,19769.390000000003,19369.82,19668.350000000002,1950125
2025-03-13T00:00:00+00:00,19668.350000000002,19677.850000000002,19154.75,19342.66,2117815
2025-03-14T00:00:00+00:00,19342.66,19726.81,19318.66,19652.24,1686625
2025-03-16T00:00:00+00:00,19652.24,19677.030000000002,19541.230000000003,19575.66,44335
2025-03-17T00:00:00+00:00,19575.66,19949.56,19544.780000000002,19813.550000000003,1764733
2025-03-18T00:00:00+00:00,19813.550000000003,19820.920000000002,19390.870000000003,19498.57,2018414
2025-03-19T00:00:00+00:00,19498.57,19930.850000000002,19449.95,19818.370000000003,1357002
2025-03-20T00:00:00+00:00,19818.370000000003,19892.9,19524.07,19684.100000000002,1327373.256642662
2025-03-21T00:00:00+00:00,19684.100000000002,19776.350000000002,19401.050000000003,19762.800000000003,1414151
2025-03-23T00:00:00+00:00,19762.800000000003,19923.230000000003,19762.800000000003,19917.100000000002,30138
2025-03-24T00:00:00+00:00,19917.100000000002,20218.63,19905.480000000003,20174.230000000003,851743
2025-03-25T00:00:00+00:00,20174.230000000003,20357.9,20112.480000000003,20348.9,798275
2025-03-26T00:00:00+00:00,20348.9,20361.9,19835.25,19891,1148284
2025-03-27T00:00:00+00:00,19891,20030.77,19769.9,19800.350000000002,1453688
2025-03-28T00:00:00+00:00,19800.350000000002,19843.850000000002,19217.72,19225.050000000003,1444430
2025-03-30T00:00:00+00:00,19225.050000000003,19225.050000000003,19063.24,19105.11,55560
2025-03-31T00:00:00+00:00,19105.11,19336.390000000003,18824.640000000003,19207.91,1953820
2025-04-01T00:00:00+00:00,19207.91,19541.65,19110.56,19493.4,1918756
2025-04-02T00:00:00+00:00,19493.4,19893.77,18666.260000000002,18724.260000000002,2053361.2039439923
2025-04-03T00:00:00+00:00,18724.260000000002,19023.690000000002,18448.7,18514,2469644
2025-04-04T00:00:00+00:00,18514,18573,17247.13,17375.33,3797482
2025-04-06T00:00:00+00:00,17375.33,17375.33,16334.64,16598.890000000003,55805
2025-04-07T00:00:00+00:00,16598.890000000003,18238.84,16358.39,17643,2935806
2025-04-08T00:00:00+00:00,17643,18235.2,16761.41,16876.16,3321488
2025-04-09T00:00:00+00:00,16876.16,19267.86,16620.16,19178.36,2863800
2025-04-10T00:00:00+00:00,19178.36,19200.91,17783.11,18229.34,3644308
2025-04-11T00:00:00+00:00,18229.34,18749.04,17942.84,18705.84,2738049
2025-04-13T00:00:00+00:00,18705.84,19120.370000000003,18705.84,18890.870000000003,73848
2025-04-14T00:00:00+00:00,18890.870000000003,19134.420000000002,18617.57,18729.620000000003,2113885
2025-04-15T00:00:00+00:00,18729.620000000003,19024.640000000003,18574.9,18610.2,1747431
2025-04-16T00:00:00+00:00,18610.2,18741.58,17998.350000000002,18289.460000000003,1968616
2025-04-17T00:00:00+00:00,18289.460000000003,18540.140000000003,18150.54,18312.710000000003,2001194
2025-04-20T00:00:00+00:00,18312.710000000003,18312.710000000003,18129.230000000003,18211.41,28590
2025-04-21T00:00:00+00:00,18211.41,18270.480000000003,17597.93,17905.710000000003,1210636
2025-04-22T00:00:00+00:00,17905.710000000003,18703.88,17849.41,18663.13,1627875
2025-04-23T00:00:00+00:00,18663.13,19067.030000000002,18525.38,18740.07,2110290
2025-04-24T00:00:00+00:00,18740.07,19334.34,18495.45,19311.97,1391755
2025-04-25T00:00:00+00:00,19311.97,19478.59,19115.72,19441.420000000002,1566569
2025-04-27T00:00:00+00:00,19441.420000000002,19441.420000000002,19340.27,19358.84,17808
2025-04-28T00:00:00+00:00,19358.84,19527.420000000002,19162.34,19435.390000000003,1260896
2025-04-29T00:00:00+00:00,19435.390000000003,19594.54,19285.77,19470.06,1351999
2025-04-30T00:00:00+00:00,19470.06,19843.75,19010.88,19826,1783394
2025-05-01T00:00:00+00:00,19826,20034.530000000002,19658.99,19699.11,1358366
2025-05-02T00:00:00+00:00,19699.11,20186.010000000002,19663.99,20098.440000000002,1381655
2025-05-04T00:00:00+00:00,20098.440000000002,20104.230000000003,19966.16,19999.16,38612
2025-05-05T00:00:00+00:00,19999.16,20094.659999999985,19880.91,19914.629999999986,1024012.5938318622
2025-05-06T00:00:00+00:00,19914.629999999986,20042.159999999985,19645.649999999987,19976.959999999985,1326688
2025-05-07T00:00:00+00:00,19976.959999999985,20015.459999999985,19588.739999999987,19863.759999999984,1743341
2025-05-08T00:00:00+00:00,19863.759999999984,20249.039999999986,19837.009999999984,20051.139999999985,1413377
2025-05-09T00:00:00+00:00,20051.139999999985,20195.769999999986,19970.539999999986,20053.99,1137604
2025-05-11T00:00:00+00:00,20053.99,20429.88,20053.99,20379.760000000002,40500
2025-05-12T00:00:00+00:00,20379.760000000002,20925.56,20369.010000000002,20836.210000000003,1249400.9792313785
2025-05-13T00:00:00+00:00,20836.210000000003,21274.460000000003,20746.34,21221.100000000002,986154
2025-05-14T00:00:00+00:00,21221.100000000002,21347.72,21167.100000000002,21302.34,1048005
2025-05-15T00:00:00+00:00,21302.34,21456.59,21118.97,21339.81,1020137
2025-05-16T00:00:00+00:00,21339.81,21437.16,21245.56,21418.84,764050
2025-05-18T00:00:00+00:00,21418.84,21418.84,21213.79,21311.49,42039
2025-05-19T00:00:00+00:00,21311.49,21527.63,21042.99,21506.88,951286.5105508221
2025-05-20T00:00:00+00:00,21506.88,21529.88,21266.050000000003,21402.06,938509
2025-05-21T00:00:00+00:00,21402.06,21529.06,21043.31,21120.420000000002,1459505
2025-05-22T00:00:00+00:00,21120.420000000002,21310.670000000002,21013.920000000002,21154.350000000002,1293837
2025-05-23T00:00:00+00:00,21154.350000000002,21206.97,20703.100000000002,20877.4,1458640
2025-05-25T00:00:00+00:00,20877.4,21173.5,20877.4,21137.2,45700
2025-05-26T00:00:00+00:00,21137.2,21255.83,21116.45,21186.460000000003,250973.23193999432
2025-05-27T00:00:00+00:00,21186.460000000003,21438.960000000003,21092.460000000003,21422,781177
2025-05-28T00:00:00+00:00,21422,21730.890000000003,21272.920000000002,21719.010000000002,952131
2025-05-29T00:00:00+00:00,21719.010000000002,21813.260000000002,21255.81,21271.5,1392736
2025-05-30T00:00:00+00:00,21271.5,21387.88,21026.38,21315.300000000003,1389514
2025-06-01T00:00:00+00:00,21315.300000000003,21315.300000000003,21239.670000000002,21266.170000000002,25309
2025-06-02T00:00:00+00:00,21266.170000000002,21538.79,21125.670000000002,21459.41,1072772
2025-06-03T00:00:00+00:00,21459.41,21724.280000000002,21364.030000000002,21670.75,851533
2025-06-04T00:00:00+00:00,21670.75,21767.370000000003,21606.75,21708.460000000003,883288
2025-06-05T00:00:00+00:00,21708.460000000003,21897.33,21437.82,21512.15,1448138
2025-06-06T00:00:00+00:00,21512.15,21839.02,21510.77,21776.82,1042657
2025-06-08T00:00:00+00:00,21776.82,21795.11,21701.41,21737.74,29807
2025-06-09T00:00:00+00:00,21737.74,21864.24,21691.86,21810.36,720054
2025-06-10T00:00:00+00:00,21810.36,21981.54,21710.11,21934.170000000002,938775
2025-06-11T00:00:00+00:00,21934.170000000002,22073.420000000002,21770.79,21820.920000000002,1167088
2025-06-12T00:00:00+00:00,21820.920000000002,21959.79,21695.84,21767.300000000003,890692
2025-06-13T00:00:00+00:00,21767.300000000003,21836.68,21453.350000000002,21642.350000000002,1403082
2025-06-15T00:00:00+00:00,21642.350000000002,21690.82,21491.49,21676.99,48552
2025-06-16T00:00:00+00:00,21676.99,21985.82,21649.74,21783.36,928468
2025-06-17T00:00:00+00:00,21783.36,21899.61,21635.050000000003,21674.550000000003,1251871
2025-06-18T00:00:00+00:00,21674.550000000003,21866.68,21654.68,21719.760000000002,982069
2025-06-19T00:00:00+00:00,21719.760000000002,21723.390000000003,21420.960000000006,21666.38,281447.19110531453
2025-06-20T00:00:00+00:00,21666.38,21910.13,21544.5,21650.93,1093476
2025-06-22T00:00:00+00:00,21650.93,21650.93,21356.300000000003,21550.13,57410
2025-06-23T00:00:00+00:00,21550.13,22054.88,21497,22035.88,1219167
2025-06-24T00:00:00+00:00,22035.88,22247.63,21993.800000000003,22234.13,786473
2025-06-25T00:00:00+00:00,22234.13,22357.75,22198.38,22274.7,706473
2025-06-26T00:00:00+00:00,22274.7,22521.04,22266.95,22488.29,647051
2025-06-27T00:00:00+00:00,22488.29,22632.04,22410.670000000002,22543.34,792314
2025-06-29T00:00:00+00:00,22543.34,22663.65,22543.34,22634.02,28106
2025-06-30T00:00:00+00:00,22634.02,22750.52,22598.02,22699.22,674706
2025-07-01T00:00:00+00:00,22699.22,22732.350000000002,22412.27,22529.63,904048
2025-07-02T00:00:00+00:00,22529.63,22681.460000000003,22403.050000000003,22668.34,684594
2025-07-03T00:00:00+00:00,22668.34,22921.84,22647.210000000003,22854.030000000002,439224.2302742434
2025-07-04T00:00:00+00:00,22854.030000000002,22868.16,22660.95,22682.050000000007,240716.4840652669
2025-07-06T00:00:00+00:00,22724.91,22852.41,22724.91,22811.280000000002,30837
2025-07-07T00:00:00+00:00,22811.280000000002,22828.41,22607.780000000002,22705.02,913235
2025-07-08T00:00:00+00:00,22705.02,22803.02,22672.27,22734.31,737936
2025-07-09T00:00:00+00:00,22734.31,22944.43,22677.31,22870.06,683917
2025-07-10T00:00:00+00:00,22870.06,22925.06,22736.43,22882.13,618528
2025-07-11T00:00:00+00:00,22882.13,22883.25,22668.63,22773.800000000003,792541
2025-07-13T00:00:00+00:00,22773.800000000003,22773.800000000003,22650.15,22712.77,32537
2025-07-14T00:00:00+00:00,22712.77,22912.77,22651.15,22859.29,627517
2025-07-15T00:00:00+00:00,22859.29,23070.670000000002,22824.32,22864.52,897971
2025-07-16T00:00:00+00:00,22864.52,22950.15,22686.07,22893.550000000003,967213
2025-07-17T00:00:00+00:00,22893.550000000003,23142.72,22870.050000000003,23135.350000000002,574724
2025-07-18T00:00:00+00:00,23135.350000000002,23175.350000000002,23027.22,23076.27,549980
2025-07-20T00:00:00+00:00,23076.27,23125.29,23067.29,23122.920000000002,15218
2025-07-21T00:00:00+00:00,23122.920000000002,23287.29,23086.54,23211.420000000002,437177
2025-07-22T00:00:00+00:00,23211.420000000002,23231.920000000002,22972.72,23130.32,742608
2025-07-23T00:00:00+00:00,23130.32,23284.82,23015.120000000003,23271.16,707695
2025-07-24T00:00:00+00:00,23271.16,23293.91,23169.030000000002,23279.010000000002,594841
2025-07-25T00:00:00+00:00,23279.010000000002,23348.890000000003,23203.640000000003,23315.06,457638
2025-07-27T00:00:00+00:00,23315.06,23437.15,23315.06,23414.730000000003,27378
2025-07-28T00:00:00+00:00,23414.730000000003,23466.230000000003,23317.730000000003,23411.86,505202
2025-07-29T00:00:00+00:00,23411.86,23535.230000000003,23305.11,23360.99,625009
2025-07-30T00:00:00+00:00,23360.99,23627.210000000003,23243.16,23611.91,864932
2025-07-31T00:00:00+00:00,23611.91,23731.79,23131.890000000003,23188.02,1234526
2025-08-01T00:00:00+00:00,23188.02,23232.02,22674.190000000002,22767.940000000002,1695833
2025-08-03T00:00:00+00:00,22767.940000000002,22832.91,22723.66,22828.29,43979
2025-08-04T00:00:00+00:00,22828.29,23259.16,22818.29,23236.04,779887
2025-08-05T00:00:00+00:00,23236.04,23305.79,22950.88,22957.88,1048121
2025-08-06T00:00:00+00:00,22957.88,23386.88,22954.260000000002,23357.88,915656
2025-08-07T00:00:00+00:00,23357.88,23577.13,23236.260000000002,23447.41,1203865
2025-08-08T00:00:00+00:00,23447.41,23672.280000000002,23410.91,23658.58,605579
2025-08-10T00:00:00+00:00,23658.58,23681.730000000003,23613.61,23619.61,18752
2025-08-11T00:00:00+00:00,23619.61,23716.480000000003,23499.980000000003,23551.61,625956
2025-08-12T00:00:00+00:00,23551.61,23886.15,23511.36,23876.65,841805
2025-08-13T00:00:00+00:00,23876.65,23984.9,23802.780000000002,23868.38,667564
2025-08-14T00:00:00+00:00,23868.38,23924.25,23712.25,23808.33,839786
2025-08-15T00:00:00+00:00,23808.33,23882.2,23654.08,23712.95,744434
2025-08-17T00:00:00+00:00,23712.95,23787.57,23712.95,23778.440000000002,15133
2025-08-18T00:00:00+00:00,23778.440000000002,23809.32,23646.82,23735.34,601082
2025-08-19T00:00:00+00:00,23735.34,23736.09,23348.34,23356.920000000002,859399
2025-08-20T00:00:00+00:00,23356.920000000002,23386.670000000002,22969.54,23253.29,1260633
2025-08-21T00:00:00+00:00,23253.29,23302.920000000002,23053.04,23183.350000000002,1064515
2025-08-22T00:00:00+00:00,23183.350000000002,23584.350000000002,23012.02,23514.15,1163866
2025-08-24T00:00:00+00:00,23514.15,23547.22,23487.22,23516.47,22298
2025-08-25T00:00:00+00:00,23516.47,23557.97,23385.140000000003,23441.13,675527
2025-08-26T00:00:00+00:00,23441.13,23570.620000000003,23316.25,23561.24,797686
2025-08-27T00:00:00+00:00,23561.24,23630.29,23381.79,23458.54,640125
2025-08-28T00:00:00+00:00,23458.54,23752.54,23438.04,23698.24,805257
2025-08-29T00:00:00+00:00,23698.24,23706.11,23349.41,23403.79,913822
2025-08-31T00:00:00+00:00,23403.79,23504.980000000003,23403.79,23497.480000000003,14047
2025-09-01T00:00:00+00:00,23497.480000000003,23511.600000000002,23330.480000000003,23407.13,211888.47683310925
2025-09-02T00:00:00+00:00,23407.13,23445.63,22986.88,23298.75,1233169
2025-09-03T00:00:00+00:00,23298.75,23489.870000000003,23264.370000000003,23403,966082
2025-09-04T00:00:00+00:00,23403,23680.59,23375.25,23670.710000000003,747821
2025-09-05T00:00:00+00:00,23670.710000000003,23866.210000000003,23469.59,23634.260000000002,1364265
2025-09-07T00:00:00+00:00,23634.260000000002,23753.5,23619.88,23747.13,27984
2025-09-08T00:00:00+00:00,23747.13,23857.25,23694.050000000003,23779.18,705075
2025-09-09T00:00:00+00:00,23779.18,23887.56,23698.18,23859.82,808195
2025-09-10T00:00:00+00:00,23859.82,24007.370000000003,23759.7,23877.95,837915
2025-09-11T00:00:00+00:00,23877.95,24022.82,23842.870000000003,23999.16,799516
2025-09-12T00:00:00+00:00,23999.16,24138.54,23948.66,24092.960000000003,603574
2025-09-14T00:00:00+00:00,24092.960000000003,24115.230000000003,24085.480000000003,24096.36,14637
2025-09-15T00:00:00+00:00,24096.36,24300.980000000003,24061.980000000003,24293.600000000002,652991
2025-09-16T00:00:00+00:00,24293.600000000002,24392.230000000003,24246.850000000002,24295.300000000003,702665
2025-09-17T00:00:00+00:00,24295.300000000003,24339.07,23995.300000000003,24335.32,1331285
2025-09-18T00:00:00+00:00,24335.32,24563.57,24310.82,24491.38,929524
2025-09-19T00:00:00+00:00,24491.38,24639.13,24406.5,24619.68,737203
2025-09-21T00:00:00+00:00,24619.68,24633.13,24593.5,24617.75,14516
2025-09-22T00:00:00+00:00,24617.75,24793.5,24515.13,24774,637298
2025-09-23T00:00:00+00:00,24774,24802.63,24557.25,24631.25,804208
2025-09-24T00:00:00+00:00,24631.25,24702.13,24416.800000000003,24553.63,749855
2025-09-25T00:00:00+00:00,24553.63,24589.75,24220.13,24423.670000000002,1135645
2025-09-26T00:00:00+00:00,24423.670000000002,24554.54,24327.420000000002,24543.84,1143631
2025-09-28T00:00:00+00:00,24543.84,24593.030000000002,24537.08,24587.16,18753
2025-09-29T00:00:00+00:00,24587.16,24789.280000000002,24580.030000000002,24640.22,753630
2025-09-30T00:00:00+00:00,24640.22,24730.47,24539.22,24647.95,1006520
2025-10-01T00:00:00+00:00,24647.95,24852.45,24451.57,24842.27,886948
2025-10-02T00:00:00+00:00,24842.27,24999.640000000003,24813.640000000003,24942.940000000002,847325
2025-10-03T00:00:00+00:00,24942.940000000002,25015.06,24741.940000000002,24804.36,883814
2025-10-05T00:00:00+00:00,24804.36,24914.850000000002,24804.36,24894.980000000003,29814
2025-10-06T00:00:00+00:00,24894.980000000003,25080.480000000003,24873.730000000003,24971,814990
2025-10-07T00:00:00+00:00,24971,25104,24814.75,24866.710000000003,936090
2025-10-08T00:00:00+00:00,24866.710000000003,25226.7,24859.960000000003,25212.95,661490
2025-10-09T00:00:00+00:00,25212.95,25213.07,24994.2,25171.81,887319
2025-10-10T00:00:00+00:00,25171.81,25224.56,24221.06,24256.230000000003,2383656
2025-10-12T00:00:00+00:00,24256.230000000003,24591.290000000008,24133.230000000003,24583.670000000006,234128.3968925422
2025-10-13T00:00:00+00:00,24583.670000000006,24761.790000000008,24522.040000000008,24708.200000000008,1496965
2025-10-14T00:00:00+00:00,24708.200000000008,24840.33000000001,24217.750000000007,24572.65000000001,2087752
2025-10-15T00:00:00+00:00,24572.65000000001,24914.520000000008,24463.40000000001,24743.980000000007,1680325
2025-10-16T00:00:00+00:00,24743.980000000007,24980.360000000008,24444.360000000008,24565.230000000007,2369413
2025-10-17T00:00:00+00:00,24565.230000000007,24903.5,24215.600000000006,24889.550000000003,2379983
2025-10-19T00:00:00+00:00,24889.550000000003,24966.24,24855.29,24879.870000000003,39178
2025-10-20T00:00:00+00:00,24879.870000000003,25220.99,24823.54,25191.5,921173
2025-10-21T00:00:00+00:00,25191.5,25236,25071.370000000003,25115.97,992239
2025-10-22T00:00:00+00:00,25115.97,25208.72,24675.22,24871.4,1751391
2025-10-23T00:00:00+00:00,24871.4,25181.550000000003,24811.65,25174.800000000003,1139823
2025-10-24T00:00:00+00:00,25174.800000000003,25444.93,25161.93,25389.600000000002,842344
2025-10-26T00:00:00+00:00,25389.600000000002,25652.54,25389.600000000002,25602.29,40265
2025-10-27T00:00:00+00:00,25602.29,25902.59,25591.460000000003,25879.22,689638
2025-10-28T00:00:00+00:00,25879.22,26115.84,25827.22,26070.31,792149
2025-10-29T00:00:00+00:00,26070.31,26262.86,25934.86,26121.84,1453759
2025-10-30T00:00:00+00:00,26121.84,26285.72,25739.72,26060.41,2083901
2025-10-31T00:00:00+00:00,26060.41,26162.530000000002,25778.66,25867.58,1480191
2025-11-02T00:00:00+00:00,25867.58,25990.190000000002,25867.58,25978.32,18684
2025-11-03T00:00:00+00:00,25978.32,26163.32,25913.440000000002,25967.7,1271564
2025-11-04T00:00:00+00:00,25967.7,25967.7,25406.850000000002,25408.97,1785101
2025-11-05T00:00:00+00:00,25408.97,25782.22,25187.22,25680.07,1656354
2025-11-06T00:00:00+00:00,25680.07,25729.32,25105.07,25228.41,2179618
2025-11-07T00:00:00+00:00,25228.41,25266.530000000002,24621.530000000002,25121.960000000003,2366904
2025-11-09T00:00:00+00:00,25121.960000000003,25304.97,25121.960000000003,25252.670000000002,28799
2025-11-10T00:00:00+00:00,25252.670000000002,25677.420000000002,25186.47,25659.58,1363161
2025-11-11T00:00:00+00:00,25659.58,25686.33,25395.7,25570.31,1393463
2025-11-12T00:00:00+00:00,25570.31,25749.93,25409.18,25463.34,1622139
2025-11-13T00:00:00+00:00,25463.34,25643.84,24925.09,25031.99,2647951
2025-11-14T00:00:00+00:00,25031.99,25217.36,24550.11,25060.66,2697395
2025-11-16T00:00:00+00:00,25060.66,25119.9,24953.45,25101.9,30712
2025-11-17T00:00:00+00:00,25101.9,25292.9,24664.4,24855.030000000002,2460877
2025-11-18T00:00:00+00:00,24855.030000000002,24894.16,24314.33,24527.97,3647074
2025-11-19T00:00:00+00:00,24527.97,25046.510000000002,24381.390000000003,25044.640000000003,2994218
2025-11-20T00:00:00+00:00,25044.640000000003,25245.640000000003,23956.030000000002,24075.36,4223020
2025-11-21T00:00:00+00:00,24075.36,24534.980000000003,23842.980000000003,24293.16,4434595
2025-11-23T00:00:00+00:00,24293.16,24482.920000000002,24293.16,24417.25,31472
2025-11-24T00:00:00+00:00,24417.25,24939.120000000003,24308,24906.47,2116744
2025-11-25T00:00:00+00:00,24906.47,25082.34,24549.22,25034.13,2172219
2025-11-26T00:00:00+00:00,25034.13,25323.38,25015,25273.52,1404630
2025-11-27T00:00:00+00:00,25273.52,25289.27,25235.050000000003,25280.2,252434.59931012534
2025-11-28T00:00:00+00:00,25280.2,25451.83,25277.08,25436.7,282459
2025-11-30T00:00:00+00:00,25436.7,25500.390000000003,25403.34,25426.84,30528
2025-12-01T00:00:00+00:00,25426.84,25455.84,25153.84,25362.760000000002,1702501
2025-12-02T00:00:00+00:00,25362.760000000002,25633.390000000003,25288.390000000003,25588.600000000002,1564001
2025-12-03T00:00:00+00:00,25588.600000000002,25649.730000000003,25385.850000000002,25613.920000000002,1414898
2025-12-04T00:00:00+00:00,25613.920000000002,25698.420000000002,25455.050000000003,25587.510000000002,1379904
2025-12-05T00:00:00+00:00,25587.510000000002,25834.010000000002,25545.760000000002,25702.43,1175233
2025-12-07T00:00:00+00:00,25702.43,25740.56,25691.86,25717.99,15678
2025-12-08T00:00:00+00:00,25717.99,25833.140000000003,25537.260000000002,25701.47,1052861
2025-12-09T00:00:00+00:00,25701.47,25710.870000000003,25535.370000000003,25649.460000000003,965412
2025-12-10T00:00:00+00:00,25649.460000000003,25847.61,25506.36,25708.690000000002,1423205
2025-12-11T00:00:00+00:00,25708.690000000002,25840.690000000002,25362.510000000002,25652.52,1586346
2025-12-12T00:00:00+00:00,25652.52,25685.02,25099.04,25187.84,1951214
2025-12-14T00:00:00+00:00,25187.84,25232.370000000003,25120.120000000003,25180.75,30997
2025-12-15T00:00:00+00:00,25180.75,25397.02,25021.07,25048.140000000003,2055653
2025-12-16T00:00:00+00:00,25048.140000000003,25192.79,24816.960000000003,25067.27,2485934
2025-12-17T00:00:00+00:00,25067.27,25258.32,24647.52,24700.65,2237747
2025-12-18T00:00:00+00:00,24700.65,25172.550000000003,24670.27,25025.05,1901612.7164738912
2025-12-19T00:00:00+00:00,25025.05,25368.829999999998,24980.25,25354.800000000003,1268564
2025-12-21T00:00:00+00:00,25354.800000000003,25449.010000000002,25354.800000000003,25443.38,17393
2025-12-22T00:00:00+00:00,25443.38,25569.16,25404.16,25498.850000000002,834275
2025-12-23T00:00:00+00:00,25498.850000000002,25614.010000000002,25393.600000000002,25604.010000000002,700139
2025-12-24T00:00:00+00:00,25604.010000000002,25687.030000000002,25572.760000000002,25660.160000000003,314701
2025-12-26T00:00:00+00:00,25703.93,25768.780000000108,25660.13,25664.08,654895.3571051677
2025-12-28T00:00:00+00:00,25664.08,25692.61,25658.36,25684.61,11064
2025-12-29T00:00:00+00:00,25684.61,25707.61,25463.379999999997,25526.109999999997,846215
2025-12-30T00:00:00+00:00,25526.109999999997,25613.129999999994,25471.979999999996,25485.109999999997,625765
2025-12-31T00:00:00+00:00,25485.109999999997,25544.609999999993,25254.31000000007,25254.510000000068,697288.4735153652
2026-01-02T00:00:00+00:00,25331.23,25622.37999999987,25088.25999999987,25225.2,1599331.4548012586
2026-01-04T00:00:00+00:00,25225.2,25298.280000000002,25225.2,25293.030000000002,29929
2026-01-05T00:00:00+00:00,25293.030000000002,25543.68,25270.600000000002,25412.56,1225221
2026-01-06T00:00:00+00:00,25412.56,25691.43,25373.56,25671.93,956816
2026-01-07T00:00:00+00:00,25671.93,25843.200000000004,25573.800000000003,25672.240000000005,932758
2026-01-08T00:00:00+00:00,25672.240000000005,25693.370000000003,25419.760000000002,25527.870000000003,1297942
2026-01-09T00:00:00+00:00,25527.870000000003,25838.020000000004,25472.520000000004,25778.38,1215194
2026-01-11T00:00:00+00:00,25778.38,25815.61,25728.36,25751.36,22955
2026-01-12T00:00:00+00:00,25751.36,25877.759999999995,25491.86,25755.649999999998,1072243
2026-01-13T00:00:00+00:00,25755.649999999998,25905.03,25663.93,25752.4,1381047
2026-01-14T00:00:00+00:00,25752.4,25786.52,25282.420000000002,25471.220000000005,1783353
2026-01-15T00:00:00+00:00,25471.220000000005,25818.000000000004,25428.600000000006,25609.190000000006,1423576
2026-01-16T00:00:00+00:00,25609.190000000006,25759.340000000007,25459.460000000006,25551.510000000002,1126284
2026-01-18T00:00:00+00:00,25551.510000000002,25551.510000000002,25271.99,25343.54,45501
2026-01-19T00:00:00+00:00,25343.54,25345.79,25113.32,25257.38,727298.5484586587
2026-01-20T00:00:00+00:00,25257.38,25317.010000000002,24974.63,25000.81,2279993
2026-01-21T00:00:00+00:00,25000.81,25537.59,24910.010000000002,25437.11,2439708
2026-01-22T00:00:00+00:00,25437.11,25624.49,25368.24,25503.93,1477257
2026-01-23T00:00:00+00:00,25503.93,25732.33,25426.81,25577.38,1317818
2026-01-25T00:00:00+00:00,25577.38,25577.38,25281.140000000003,25453.07,39111
2026-01-26T00:00:00+00:00,25453.07,25829.84,25436.890000000003,25785.74,1223093
2026-01-27T00:00:00+00:00,25785.74,26044.54,25770.99,26034.920000000002,928843
2026-01-28T00:00:00+00:00,26034.920000000002,26245.54,25890.74,26067.670000000002,1419340
2026-01-29T00:00:00+00:00,26067.670000000002,26178.800000000003,25434.82,25871.210000000003,2403460
2026-01-30T00:00:00+00:00,25871.210000000003,25891.530000000002,25468.730000000003,25532.91,2999726
2026-02-01T00:00:00+00:00,25532.91,25532.91,25283.13,25442.010000000002,57838
2026-02-02T00:00:00+00:00,25442.010000000002,25887.41,25089.38,25858.530000000002,2200440
2026-02-03T00:00:00+00:00,25858.530000000002,25938.280000000002,25129.81,25342.350000000002,2752026
2026-02-04T00:00:00+00:00,25342.350000000002,25429.600000000002,24699.25,24995.659999999993,3775216.898745495
2026-02-05T00:00:00+00:00,24995.659999999993,25096.909999999993,24223.809999999994,24266.859999999993,4225908
2026-02-06T00:00:00+00:00,24266.859999999993,25154.00999999999,24172.059999999994,25033.960000000003,2597172
2026-02-08T00:00:00+00:00,25033.960000000003,25221.82,25033.960000000003,25202.82,41437
2026-02-09T00:00:00+00:00,25202.82,25356.59,24883.47,25273.620000000003,1975665
2026-02-10T00:00:00+00:00,25273.620000000003,25375.52,25127.02,25204.36,1724458
2026-02-11T00:00:00+00:00,25204.36,25397.010000000002,24990.13,25168.170000000002,2489521
2026-02-12T00:00:00+00:00,25168.170000000002,25353.170000000002,24654.940000000002,24757.800000000003,2768377
2026-02-13T00:00:00+00:00,24757.800000000003,24930.33,24513.58,24717.38,3374372
2026-02-15T00:00:00+00:00,24717.38,24780.460000000003,24696.710000000003,24777.91,23529
2026-02-16T00:00:00+00:00,24777.91,24863.710000000003,24613.49,24761.300000000003,571629.7153448869
2026-02-17T00:00:00+00:00,24761.300000000003,24833.32,24393.07,24656.370000000003,2928976
2026-02-18T00:00:00+00:00,24656.370000000003,25073.640000000003,24654.24,24911.010000000006,1684827
2026-02-19T00:00:00+00:00,24911.010000000006,25000.130000000005,24697.430000000004,24828.080000000005,2075058
2026-02-20T00:00:00+00:00,24828.080000000005,25090.230000000007,24629.230000000007,25020.63,2601035
2026-02-22T00:00:00+00:00,25020.63,25020.63,24889.65,24925.030000000002,46650
2026-02-23T00:00:00+00:00,24925.030000000002,24993.300000000003,24621.68,24744.79,2290739
2026-02-24T00:00:00+00:00,24744.79,25035.190000000002,24651.190000000002,25003.48,1994043.6887002396
2026-02-25T00:00:00+00:00,25003.48,25455.620000000003,24954.43,25279.890000000003,1399938
2026-02-26T00:00:00+00:00,25279.890000000003,25378.390000000003,24827.09,24957.100000000002,2134539.5955705987
2026-02-27T00:00:00+00:00,24957.100000000002,25064.109999999997,24748.51,24923.460000000003,2487932
2026-03-01T00:00:00+00:00,24923.460000000003,24923.460000000003,24606.480000000003,24707.030000000002,56101
2026-03-02T00:00:00+00:00,24707.030000000002,25067.81,24445.16,24940.91,2769146
2026-03-03T00:00:00+00:00,24940.91,24951.41,24321.94,24673.01,3995867
2026-03-04T00:00:00+00:00,24673.01,25188.66,24471.39,25143.33,2891250
2026-03-05T00:00:00+00:00,25143.33,25214.33,24747.1,25029.33,3615020
2026-03-06T00:00:00+00:00,25029.33,25110.7,24576.35,24631.65,3332996
2026-03-08T00:00:00+00:00,24631.65,24631.65,24144.84,24190.47,114048
2026-03-09T00:00:00+00:00,24190.47,25030.74,23976.47,24859.71,3513536
2026-03-10T00:00:00+00:00,24859.71,25194.99,24811.46,24995.77,3186624
2026-03-11T00:00:00+00:00,24995.77,25156.79,24713.11,24767.48,2463384
2026-03-12T00:00:00+00:00,24767.48,24907.36,24497.36,24507.67,2711951
2026-03-13T00:00:00+00:00,24507.67,24783.94,24330.57,24346.62,2575993
2026-03-15T00:00:00+00:00,24346.62,24482.27,24268.77,24427.95,69399
2026-03-16T00:00:00+00:00,24427.95,24803.72,24425.32,24656.45,2435708
2026-03-17T00:00:00+00:00,24656.45,24902.23,24508.83,24794.8,1519677
2026-03-18T00:00:00+00:00,24794.8,24999.92,24359.829999999998,24414.329999999998,2039615
2026-03-19T00:00:00+00:00,24414.329999999998,24519.329999999998,24127.579999999998,24405.469999999998,1690315.8012054008
2026-03-20T00:00:00+00:00,24405.469999999998,24446.219999999998,23758.989999999998,23955.67,2339972
2026-03-22T00:00:00+00:00,23955.67,23955.67,23683.42,23795.6,127244
2026-03-23T00:00:00+00:00,23795.6,24550.17,23562.97,24256.22,3212218
2026-03-24T00:00:00+00:00,24256.22,24343.17,23935.87,24222.04,3215362
2026-03-25T00:00:00+00:00,24222.04,24348.54,24097.19,24141.54,2344528
2026-03-26T00:00:00+00:00,24141.54,24239.29,23582.54,23705.12,2361886
2026-03-27T00:00:00+00:00,23705.12,23803.62,23061.99,23087.82,2268519
2026-03-29T00:00:00+00:00,23087.82,23087.82,22947.120000000003,22965.620000000003,118849
2026-03-30T00:00:00+00:00,22965.620000000003,23408.940000000002,22863.47,22896.829999999998,2741686.952965765
2026-03-31T00:00:00+00:00,22896.829999999998,23891.399999999998,22812.96,23882.399999999998,3569780
2026-04-01T00:00:00+00:00,23882.399999999998,24194.05,23802.149999999998,24027.329999999998,2459329
2026-04-02T00:00:00+00:00,24027.329999999998,24106.23,23510.45,24059.09,3009556.981621267
2026-04-03T00:00:00+00:00,24059.09,24100.710000000003,23951.91,23976.16,228013
2026-04-05T00:00:00+00:00,23976.16,23976.16,23834.54,23944.91,105930
2026-04-06T00:00:00+00:00,23944.91,24302.239999999998,23940.11,24165.969999999998,1601942.7454801928
2026-04-07T00:00:00+00:00,24165.969999999998,24943.8,23808.62,24908.68,2105291
2026-04-08T00:00:00+00:00,24908.68,25114.68,24785,24881.31,2004036
2026-04-09T00:00:00+00:00,24881.31,25125.21,24808.06,25080.97,1757512
2026-04-10T00:00:00+00:00,25080.97,25249.99,25059.79,25175.24,1441774.7995549412
2026-04-12T00:00:00+00:00,25175.24,25175.24,24768.030000000002,24846.08,134575
2026-04-13T00:00:00+00:00,24846.08,25481.82,24812.08,25449.07,1629518
2026-04-14T00:00:00+00:00,25449.07,25898.43,25422.95,25881.31,1265446
2026-04-15T00:00:00+00:00,25881.31,26278.550000000003,25796.88,26270.230000000003,1492751.513036165
2026-04-16T00:00:00+00:00,26270.230000000003,26426.380000000005,26139.750000000004,26345.070000000003,1621482
2026-04-17T00:00:00+00:00,26345.070000000003,26748.340000000004,26306.140000000003,26697.49,1771818.0276672808
2026-04-19T00:00:00+00:00,26697.49,26697.49,26407.41,26530.710000000003,105335
2026-04-20T00:00:00+00:00,26530.710000000003,26697.86,26441.24,26671.710000000003,1812163
2026-04-21T00:00:00+00:00,26671.710000000003,26776.210000000003,26426.99,26651.34,1958257
2026-04-22T00:00:00+00:00,26651.34,27014.09,26643.66,26973.559999999998,1492542.3824832344
2026-04-23T00:00:00+00:00,26973.559999999998,27033.959999999995,26559.509999999995,26961.929999999997,2263741
2026-04-24T00:00:00+00:00,26961.929999999997,27344.199999999997,26898.299999999996,27315.800000000003,1855525.511653565
2026-04-26T00:00:00+00:00,27315.800000000003,27315.800000000003,27230.210000000003,27270.760000000002,59112
2026-04-27T00:00:00+00:00,27270.760000000002,27428.260000000002,27185.41,27379,1763769
2026-04-28T00:00:00+00:00,27379,27401,26899.27,27140.170000000002,2313279
2026-04-29T00:00:00+00:00,27140.170000000002,27450.890000000003,26987.190000000006,27445.640000000003,2008166.729963899
2026-04-30T00:00:00+00:00,27445.640000000003,27540.760000000006,27058.170000000006,27488.640000000003,2625639
2026-05-01T00:00:00+00:00,27488.640000000003,27812.040000000005,27431.140000000003,27684.140000000003,1755974.5830143255
2026-05-03T00:00:00+00:00,27684.140000000003,27828.920000000002,27684.140000000003,27727.170000000002,72891
2026-05-04T00:00:00+00:00,27727.170000000002,27868.920000000002,27516.370000000003,27650.29,2305957
2026-05-05T00:00:00+00:00,27650.29,28323.730000000003,27643.99,28275.280000000002,1533604
2026-05-06T00:00:00+00:00,28275.280000000002,28705.16,28153.66,28576.890000000003,2122420.3798233313
2026-05-07T00:00:00+00:00,28576.890000000003,28851.910000000003,28449.030000000002,28586.33,2417194
2026-05-08T00:00:00+00:00,28586.33,29290.29,28586.33,29247.600000000002,1663557.5229945858
2026-05-10T00:00:00+00:00,29247.600000000002,29257.480000000003,29137.550000000003,29215.230000000003,81822
2026-05-11T00:00:00+00:00,29215.230000000003,29391.38,29158.050000000003,29342.2,2003307
2026-05-12T00:00:00+00:00,29342.2,29342.45,28656.350000000002,28999.09,2648172
2026-05-13T00:00:00+00:00,28999.09,29566.53,28973.210000000003,29550.78,2118851.075186197
2026-05-14T00:00:00+00:00,29550.78,29700.8,29366.9,29603.82,2216662
2026-05-15T00:00:00+00:00,29603.82,29643.07,29006.22,29089.9,3279578
2026-05-17T00:00:00+00:00,29089.9,29210.68,28939.18,29045.81,163001
2026-05-18T00:00:00+00:00,29045.81,29346.56,28743.21,29064.24,3641816
2026-05-19T00:00:00+00:00,29064.24,29117.37,28594.260000000006,28884.220000000005,3412068
2026-05-20T00:00:00+00:00,28884.220000000005,29329.120000000006,28732.600000000006,29123.260000000006,2911552
2026-05-21T00:00:00+00:00,29123.260000000006,29518.950000000008,29058.410000000007,29485.200000000008,2838165
2026-05-22T00:00:00+00:00,29485.200000000008,29682.730000000007,29370.650000000005,29464.7,2045471.9807733903
2026-05-24T00:00:00+00:00,29464.7,29825.780000000002,29464.7,29786.15,89365
2026-05-25T00:00:00+00:00,29786.15,29937.65,29769.65,29825.02,645269.1867672829
2026-05-26T00:00:00+00:00,29825.02,30065.420000000002,29690.390000000003,30047.54,2058418
2026-05-27T00:00:00+00:00,30047.54,30327.04,29825.940000000002,29929.7,2520367.255298107
2026-05-28T00:00:00+00:00,29929.7,30312.98,29713.9,30252.36,2205256
2026-05-29T00:00:00+00:00,30252.36,30487.38,30167.73,30334.190000000002,2147559.8619960565
2026-05-31T00:00:00+00:00,30334.190000000002,30445.43,30322,30438.050000000003,85390
2026-06-01T00:00:00+00:00,30438.050000000003,30652.95,30252.18,30431.99,2315978
2026-06-02T00:00:00+00:00,30431.99,30725.61,30280.36,30672.890000000003,2098687
2026-06-03T00:00:00+00:00,30672.890000000003,30773.04,30331.230000000003,30356.51,2539821.827871131
2026-06-04T00:00:00+00:00,30356.51,30566.16,30114.33,30225.88,2969634
2026-06-05T00:00:00+00:00,30225.88,30226.88,28751.15,28780.730000000003,3984089.171678458
2026-06-07T00:00:00+00:00,28780.730000000003,29074.09,28780.730000000003,29058.84,192740
2026-06-08T00:00:00+00:00,29058.84,29714.11,28944.21,29398.21,3779289
2026-06-09T00:00:00+00:00,29398.21,29820.29,28202.66,29041.85,4073901
2026-06-10T00:00:00+00:00,29041.85,29226.62,28246.54,28343.17,3915475
2026-06-11T00:00:00+00:00,28343.17,29578.579999999998,28316.24,29559.03,4102609
2026-06-12T00:00:00+00:00,29559.03,29741.48,29212.78,29661.91,3127005.540139237
2026-06-14T00:00:00+00:00,29661.91,30081.4,29661.91,30040.850000000002,148168
2026-06-15T00:00:00+00:00,30040.850000000002,30599.300000000003,30030.100000000002,30520.060000000005,2292908
2026-06-16T00:00:00+00:00,30520.060000000005,30654.360000000004,29945.190000000006,30007.200000000004,3181198
2026-06-17T00:00:00+00:00,30007.200000000004,30261.750000000007,29605.200000000004,30000.110000000008,2411027
2026-06-18T00:00:00+00:00,30000.110000000008,30470.510000000006,29970.480000000007,30388.480000000007,2910124
2026-06-19T00:00:00+00:00,30388.480000000007,30400.680000000004,30085.680000000008,30315.15000000001,884141.7103916784
2026-06-21T00:00:00+00:00,30342.800000000003,30342.800000000003,30045.11,30061.74,186817
2026-06-22T00:00:00+00:00,30061.74,30675.890000000003,30055.11,30292.79,3077278.6368660163
2026-06-23T00:00:00+00:00,30292.79,30352.91,29295.31,29475.11,3978075
2026-06-24T00:00:00+00:00,29475.11,29904.99,28991.89,29833.36,4020117
2026-06-25T00:00:00+00:00,29833.36,29999.06,29033.56,29452.620000000006,3761657.671430112
2026-06-26T00:00:00+00:00,29452.620000000006,29518.500000000007,28907.570000000007,29017.980000000003,3279403.750749393
2026-06-28T00:00:00+00:00,29017.980000000003,29449.9,29017.980000000003,29386.4,111135
2026-06-29T00:00:00+00:00,29386.4,29835.93,29041.43,29815.43,2950402
2026-06-30T00:00:00+00:00,29815.43,30375.710000000003,29711.31,30319.08,2350746
2026-07-01T00:00:00+00:00,30319.08,30339.08,29795.16,29838.739999999998,2819446.5785932764
2026-07-02T00:00:00+00:00,29838.739999999998,30113.239999999998,29122.77,29401.78,4130567
2026-07-03T00:00:00+00:00,29401.78,29757.61,29324.53,29657.750000000007,685074.1682261088
2026-07-05T00:00:00+00:00,29703.9,29817.72,29669.170000000002,29793.22,80887
2026-07-06T00:00:00+00:00,29793.22,29902.25,29491.350000000002,29660.08,2399796
2026-07-07T00:00:00+00:00,29660.08,29721.45,29017.980000000003,29114.280000000002,3202776
2026-07-08T00:00:00+00:00,29114.280000000002,29371.030000000002,28722.980000000003,29307.340000000004,3242335.124549079
2026-07-09T00:00:00+00:00,29307.340000000004,29808.860000000004,29211.960000000003,29748.860000000004,2280313
2026-07-10T00:00:00+00:00,29748.860000000004,29893.010000000002,29492.560000000005,29875.210000000003,2141490
2026-07-12T00:00:00+00:00,29875.210000000003,30539.000000000004,29875.210000000003,30452.370000000003,66506
2026-07-13T00:00:00+00:00,30452.370000000003,30601.750000000004,29893.220000000005,29986.840000000004,2786148
2026-07-14T00:00:00+00:00,29986.840000000004,30486.720000000005,29869.220000000005,30457.08,2848315
2026-07-15T00:00:00+00:00,30457.08,30631.33,29966.230000000003,30264.750000000007,2544880.376721634
2026-07-16T00:00:00+00:00,30264.750000000007,30369.880000000005,29640.510000000006,29675.010000000006,2571724
2026-07-17T00:00:00+00:00,29675.010000000006,29704.010000000006,28581.79,28610.36,3075675
2026-07-19T00:00:00+00:00,28610.36,28742.91,28577.54,28736.04,88827
2026-07-20T00:00:00+00:00,28736.04,29058.81,28571.12,28649.17,2815984
2026-07-21T00:00:00+00:00,28649.17,29232.32,28576.17,29165.85,1876538
2026-07-22T00:00:00+00:00,29165.85,29210.13,28830.55,29013.43,2049710
2026-07-23T00:00:00+00:00,29013.43,29152.31,28303.96,28554.86,3112010
2026-07-24T00:00:00+00:00,28554.86,28599.61,28088.76,28168.24,2965358
2026-07-26T00:00:00+00:00,28168.24,28603.260000000002,28168.24,28600.630000000005,66823
2026-07-27T00:00:00+00:00,28600.630000000005,28634.510000000002,27812.530000000002,28037.480000000003,3042364
2026-07-28T00:00:00+00:00,28037.480000000003,28068.860000000004,27479.880000000005,27982.070000000003,3276073
2026-07-29T00:00:00+00:00,27982.070000000003,28053.520000000004,27087.950000000004,27411.940000000002,4024963
2026-07-30T00:00:00+00:00,27411.940000000002,28324.440000000002,27227.940000000002,28302.310000000005,3498112
2026-07-31T00:00:00+00:00,28302.310000000005,28604.840000000004,27960.210000000003,28267.390000000003,3122841
2026-08-02T00:00:00+00:00,28267.390000000003,28534.77,28267.390000000003,28507.39,77485
2026-08-03T00:00:00+00:00,28507.39,28865.8,28208.67,28865.42,2058415
2026-08-04T00:00:00+00:00,28865.42,29851.07,28726.17,29728.03,2258135
2026-08-05T00:00:00+00:00,29728.03,29964.68,29424.23,29480.44,2729368
2026-08-06T00:00:00+00:00,29480.44,29583.21,29138.96,29494.88,2969950
2026-08-07T00:00:00+00:00,29494.88,29767.13,29356.26,29714.710000000003,2523077
2026-08-09T00:00:00+00:00,29714.710000000003,29801.18,29711.13,29735.18,70537
2026-08-10T00:00:00+00:00,29735.18,29889.56,29586.57,29612.07,2062993
2026-08-11T00:00:00+00:00,29612.07,29795.57,29442.600000000002,29574.11,1963449
2026-08-12T00:00:00+00:00,29574.11,29913.63,29536.980000000003,29718.9,1923917.0973239676
2026-08-13T00:00:00+00:00,29718.9,30187.05,29710.53,30117.59,1604371
2026-08-14T00:00:00+00:00,30117.59,30197.59,29943.99,30056.79,1441402.6924131298
2026-08-16T00:00:00+00:00,30056.79,30150.95,30056.79,30138.58,30757
2026-08-17T00:00:00+00:00,30138.58,30262.95,29978.45,30020.780000000002,1430307
2026-08-18T00:00:00+00:00,30020.780000000002,30047.280000000002,29440.550000000003,29458.5,2039887
2026-08-19T00:00:00+00:00,29458.5,29687.75,29307.030000000002,29559,2554407
2026-08-20T00:00:00+00:00,29559,29615.75,29133.02,29223.32,2690522
2026-08-21T00:00:00+00:00,29223.32,29467.57,29150.97,29315.140000000003,1848001
2026-08-23T00:00:00+00:00,29315.140000000003,29418.300000000003,29239,29405.300000000003,64150
2026-08-24T00:00:00+00:00,29405.300000000003,29410.050000000003,28886.830000000005,29037.650000000005,2266448
2026-08-25T00:00:00+00:00,29037.650000000005,29358.020000000004,28959.270000000004,29155.400000000005,2375678
2026-08-26T00:00:00+00:00,29155.400000000005,29601.81000000001,29040.780000000006,29596.180000000008,1856473
2026-08-27T00:00:00+00:00,29596.180000000008,29655.810000000012,29350.43000000001,29550.890000000014,2340897
2026-08-28T00:00:00+00:00,29550.890000000014,29760.29000000001,29388.79000000001,29455.72,2571627
2026-08-30T00:00:00+00:00,29455.72,29500.260000000002,29246.56,29246.81,86943
2026-08-31T00:00:00+00:00,29246.81,29495.710000000003,29230.81,29460.24,1960707
2026-09-01T00:00:00+00:00,29460.24,29530.36,28962.260000000002,29097.050000000003,2008674
2026-09-02T00:00:00+00:00,29097.05,29132.8,29010.92,29038.300000000003,159739
